pose,resn,resi,chain
1,TRP,84,A
1,PHE,331,A
1,TYR,121,A
1,GLY,118,A
1,ARG,289,A
1,GLY,117,A
1,PHE,330,A
1,TYR,334,A
1,TYR,130,A
1,SER,286,A
1,TRP,279,A
1,ILE,287,A
1,GLY,123,A
1,GLU,199,A
1,PHE,288,A
2,TRP,84,A
2,PHE,331,A
2,HIS,440,A
2,TYR,121,A
2,PHE,330,A
2,TYR,334,A
2,TRP,279,A
2,TYR,70,A
2,GLU,199,A
3,ASP,72,A
3,TRP,84,A
3,PHE,331,A
3,ASN,85,A
3,HIS,440,A
3,GLY,335,A
3,TYR,121,A
3,PHE,330,A
3,TYR,334,A
3,TRP,279,A
3,TYR,70,A
3,ILE,287,A
3,SER,122,A
4,LEU,282,A
4,ASP,72,A
4,TRP,84,A
4,PHE,331,A
4,PHE,290,A
4,TYR,121,A
4,PHE,330,A
4,TYR,334,A
4,TRP,279,A
4,PHE,288,A
5,ASP,72,A
5,TRP,84,A
5,PHE,331,A
5,PHE,290,A
5,TYR,121,A
5,PHE,330,A
5,TYR,334,A
5,TRP,279,A
5,TYR,70,A
5,ILE,287,A
5,PHE,288,A
6,TRP,84,A
6,PHE,331,A
6,HIS,440,A
6,PHE,290,A
6,GLY,335,A
6,GLY,118,A
6,TYR,121,A
6,ARG,289,A
6,PHE,330,A
6,TYR,334,A
6,TRP,279,A
6,SER,286,A
6,TYR,70,A
6,ILE,287,A
6,PHE,288,A
7,LEU,282,A
7,TRP,84,A
7,PHE,331,A
7,HIS,440,A
7,PHE,290,A
7,TYR,121,A
7,GLY,118,A
7,PHE,330,A
7,TYR,334,A
7,TRP,279,A
7,SER,286,A
7,PHE,288,A
8,PHE,331,A
8,PHE,290,A
8,TYR,121,A
8,PHE,330,A
8,TYR,334,A
8,TRP,279,A
8,TYR,70,A
8,PHE,288,A
9,LEU,282,A
9,TRP,84,A
9,PHE,331,A
9,HIS,440,A
9,PHE,290,A
9,GLY,335,A
9,TYR,121,A
9,ARG,289,A
9,PHE,330,A
9,TYR,334,A
9,ILE,287,A
9,TRP,279,A
9,SER,286,A
9,ASP,285,A
9,PHE,288,A
